20130429,https://web.archive.org/web/20130429072252/http://www.skycoin.com:80/
20200918,https://web.archive.org/web/20200918231219/https://www.skycoin.com/?source=post_page-----ab659ded13de----------------------
20200918,https://web.archive.org/web/20200918225831/https://www.skycoin.com/?source=post_page-----f4201b6a28a7----------------------
20210424,https://web.archive.org/web/20210424072825/https://www.skycoin.com/?source=post_page-----f84782209daf--------------------------------
20200701,https://web.archive.org/web/20200701151312/https://www.skycoin.com/architecture-overview/
20200729,https://web.archive.org/web/20200729091808/https://www.skycoin.com/architecture-overview/
20200818,https://web.archive.org/web/20200818071211/https://www.skycoin.com/architecture-overview/
20200523,https://web.archive.org/web/20200523174001/https://www.skycoin.com/blog/
20200729,https://web.archive.org/web/20200729093043/https://www.skycoin.com/blog/
20200818,https://web.archive.org/web/20200818071215/https://www.skycoin.com/blog/
20200928,https://web.archive.org/web/20200928121323/https://www.skycoin.com/blog/
20201129,https://web.archive.org/web/20201129173410/https://www.skycoin.com/blog/
20201111,https://web.archive.org/web/20201111192406/https://www.skycoin.com/blog/ask-the-developers/skycoin-vs-ipfs/
